<?xml version="1.0" encoding="UTF-8"?>
<project-private xmlns="http://www.netbeans.org/ns/project-private/1">
    <editor-bookmarks xmlns="http://www.netbeans.org/ns/editor-bookmarks/2" lastBookmarkId="0"/>
    <open-files xmlns="http://www.netbeans.org/ns/projectui-open-files/2">
        <group>
            <file>file:/C:/Users/Josh/Documents/NetBeansProjects/proj3/src/proj3/LogInScreen.fxml</file>
            <file>file:/C:/Users/Josh/Documents/NetBeansProjects/proj3/src/proj3/FXML2.fxml</file>
            <file>file:/C:/Users/Josh/Documents/NetBeansProjects/proj3/src/proj3/BikePart.java</file>
            <file>file:/C:/Users/Josh/Documents/NetBeansProjects/proj3/src/proj3/FXMLDocumentController.java</file>
            <file>file:/C:/Users/Josh/Documents/NetBeansProjects/proj3/src/proj3/FXMLDocument.fxml</file>
            <file>file:/C:/Users/Josh/Documents/NetBeansProjects/proj3/src/proj3/Employee.java</file>
            <file>file:/C:/Users/Josh/Documents/NetBeansProjects/proj3/src/proj3/officeManager.java</file>
            <file>file:/C:/Users/Josh/Documents/NetBeansProjects/proj3/src/proj3/Proj3.java</file>
        </group>
    </open-files>
</project-private>
